{"note":"Signed differences (PS - Stan) normalized by Stan posterior SD","diff_95ci_upper":{"median":0.009862867352224755,"abs_max":0.1554596383107649,"mean":0.004617500407455631,"std":0.05537489623105566},"diff_95ci_lower":{"median":-0.007046871237637653,"abs_max":0.13453680137516108,"mean":-0.005258170281086617,"std":0.0500627989395492},"diff_99ci_upper":{"median":0.005065181510970356,"abs_max":0.3371796714325815,"mean":-0.0011987360243652834,"std":0.10471213087865643},"n_params":213,"diff_mean":{"median":-0.0010610335228746948,"abs_max":0.045741712939720486,"mean":-0.0003031858965104742,"std":0.01749287507874024},"diff_99ci_lower":{"median":-0.002605782100489815,"abs_max":0.28105390767213473,"mean":-0.011317384362144549,"std":0.09409890458096072}}