{
  "log_sigma_int": -0.5,
  "rho": 0.4,
  "z_int": [-0.36335748145177754, 0.2517372155742292, -0.31498797116895605, -0.31125240132442067, 0.8163067649323273, 0.47673837983187795, -0.8595553820616212, -1.4692882055065464, -2.114334831130985, 0.04378166203061088, -0.8253345499750688, 0.840288523245819, 0.4338858743048611, -0.3954398407537453, 0.517130881450359, 1.4472238915818758, -0.09307792119019635, -1.2725855703776923, 0.9656607495563969, -0.09658102196264856, -1.382810701683701, -1.4624467959172898, 1.3009715392603625, 2.2662797122662086, 1.512392007786763, 0.6488490404135202, 0.8999443097509223, 0.2841579102153428, 1.1035883018237678, 0.6638827324729892, 0.17127065460959456, 1.1199182981069984, 1.9207540740525255, 0.8006488606751957, -0.385611048520393, -0.4397250817930096, 0.6298828493988105, -0.06961219651922648, -0.7789119879113274, -0.8787419860341007, 0.4041754007591603, 0.3223729372800154, -1.2290887130815225, -0.16523436268962188, -0.17095944348761516, -0.8151152486093222, -0.9005453041906385, -0.19300716396225298, -0.9983741934645419, -1.5410623950236277, -0.6197050916331831, 0.6357047126615359, -0.47862281061920225, 0.9946956727381081, 0.3303352285550901, 0.377489040241215, -1.733183409760652, -0.9073709325741889, 2.320923578915804, 0.02395114244885036, 1.2252970583943696, 1.304371943276669, -0.4400172451059574, -1.7799429142766356, 0.9583480063101281, -1.1732524189956186, 0.5415424548443852, -2.1251254523790672, -0.49101459568950384, -0.5443474742221707, -1.0510344212689204, -0.7159373133607991, 0.9300043221624539, -0.032029723276023235, -0.8915781866049347, 0.9147784914448018, -1.59561428445693, -0.454048384037065, 0.04495140479081785, -0.7922834268552733, 0.3732453333416736, -1.4046570107964054, -1.2347689825091572, -0.12530686450201148, -0.78565682978007, -0.4080986981389409, -1.7267994802981395, 0.5570765697275968, -0.3914536476104827, -0.250762503705424, 1.0218390547808818, -0.000939762193643709, -1.5007761311216228, 0.26292474430434837, -1.0611177539602412, 1.0364206513956815, -0.20661311448119266, -0.31074387308373413, -0.040473400248354906, 0.10477079178892111],
  "z_slope": [0.9289820861576127, -1.1410186181081226, 0.13927075967353497, 0.250613310449716, -0.8547693592088638, 0.2088332105422406, 0.4384722422321556, 0.4725842035933498, 1.07706256965145, -0.37575685455719293, 0.9319319752894771, -0.2749101226985906, 0.5269315950094573, 0.25509660863237965, -0.11999203046929163, -0.7174524918352548, -0.47182988249404795, -1.1865703201525095, 1.7926601885637319, -2.0295494288555505, 0.07215234939466986, -1.518919919412247, 1.3585377890997221, -0.4835243227290544, 0.9706453310166293, 0.8429015179909879, 0.23795909356568032, 1.9203043392729755, 0.32007715623104255, 0.6037225274273443, 1.2657433557326152, -1.1505071143854853, -0.35671045931365114, -0.16837063753716008, -0.5592491854678299, 0.4783040535176544, -0.411482366448698, -1.1741778355680308, 1.2286976023402392, 0.36443715993347037, 0.43230473845292144, 1.7798795554512414, -0.23146837507872936, 1.0394102682380515, -1.2231264627637763, 1.5143016801942752, -0.6268646591147701, -1.1987953363968185, 0.05632342728702632, 0.7706351004701538, 1.6221206015998528, 0.5363448918573667, 0.971240801838199, 0.6579032422092371, 0.018781499514349355, 0.43823774231229634, 0.3904804770093143, 0.7297331530571904, -1.0670836235538104, 0.3198693324811652, -1.9438469363281357, -0.25870957887814156, -0.3325448241067508, -0.7045956337428738, -1.0772129230244407, -0.727869433182163, 1.1696463801256998, -1.1842573206516989, -1.4637421651322644, -1.0786607458137447, 0.8024570646067546, 0.8848294326243195, -0.8763260311328334, 0.09934260633413299, -1.7355511279030653, -0.23154101756856407, -0.5169560057275576, -1.0602586327856445, -0.026493476200401492, 1.644352653793086, 0.43886048011675505, 0.340665161760662, -0.28133901500823694, 0.8702302800827912, -0.522459950724321, -1.95694257620551, 0.5115918005306112, 0.7868160673314945, 1.1492050041377377, 0.10745781655569218, 0.3496206030815116, 0.27779427238838256, -0.5620164716005799, -2.3422253505792994, 0.058537307292524224, 1.2407776250140905, -1.5345384788975391, -2.3900341064706474, 1.771477916421619, 0.7478773532775159],
  "frailty_int": [-0.2203874529364676, 0.15268633943645865, -0.19104986195465087, -0.1887841243124422, 0.4951150806622901, 0.28915644402976093, -0.5213466929413798, -0.8911683445938768, -1.2824088999792755, 0.02655492035474197, -0.5005907090800079, 0.5096607523532412, 0.26316508558212015, -0.23984638748902784, 0.3136557346838619, 0.8777856617130398, -0.0564546129441703, -0.7718621655419596, 0.5857028514870375, -0.05857935096672557, -0.8387170871499047, -0.8870188199223408, 0.7890791259749478, 1.3745681289741805, 0.9173121222270195, 0.39354683653592154, 0.5458438158978575, 0.17235048474547512, 0.6693601407563147, 0.40266523169866786, 0.10388090312977197, 0.6792647841750874, 1.1649962356808066, 0.4856180816634948, -0.23388492365155428, -0.2667067439521058, 0.3820432601875338, -0.04222193147885192, -0.47243400188593615, -0.5329839565064528, 0.2451447724620715, 0.19552907032194716, -0.7454799879906875, -0.1002197070093329, -0.1036921440426479, -0.49439238948083936, -0.5462083374518621, -0.11706476248728971, -0.605544558202117, -0.9347015911120118, -0.37587013805555247, 0.38557439875303146, -0.29029940907837953, 0.6033134225991464, 0.20035844410184236, 0.22895867661179295, -1.0512288769251197, -0.5503482903382902, 1.4077113094624087, 0.014527102230372468, 0.7431802331718861, 0.7911415752662477, -0.26688394995905185, -1.0795899500470352, 0.581267448501569, -0.7116135637028556, 0.32846210239916396, -1.2889537426035842, -0.2978154066520867, -0.3301634326528789, -0.6374846009129241, -0.43423793098561586, 0.5640761350567937, -0.019427009189019462, -0.5407695057068844, 0.5548412019069432, -0.9677889845985633, -0.27539426591145616, 0.02726440520278438, -0.48054418956991485, 0.22638473826638705, -0.8519675434283194, -0.7489252455539762, -0.07600245519292659, -0.476524955274242, -0.24752437261007867, -1.047356827976663, 0.3378840193473301, -0.2374286391321028, -0.15209514680364253, 0.619776716016382, -0.0005699945832837104, -0.9102667368901715, 0.15947191861769186, -0.6436004513422929, 0.62862090143082, -0.12531718863155963, -0.1884756863431361, -0.024548358153448163, 0.06354669746234928],
  "log_sigma_slope": -0.8,